feature,importance
Close,0.9466937664792533
Bollinger_Upper,0.03945433059314751
Bollinger_Width,0.004048751839235997
Bollinger_Position,0.0028690382044742687
Bollinger_Lower,0.00163725679714999
Debt_to_Equity,0.0003960437767822767
RSI_14,0.0003785730033791737
Sentiment_Divergence,0.00034865617298660164
Earnings_Yield,0.0003431974264467573
Interest_Rate,0.0003366153229393637
EPS,0.00033494809477523763
PE_Ratio,0.00033254702819494875
Social_Sentiment_Score,0.0003124127164416883
Combined_Sentiment,0.00030829698769719384
Volume,0.0003071004477728868
Financial_Health,0.0002995829050741517
News_Sentiment_Score,0.00028827812231086054
Inflation_Rate,0.0002853894894893125
ROE,0.0002607107557884704
RSI_MACD_Interaction,0.0002595727217238557
